A,-119.9131,-119.659,-120.7892,-118.5252,-119.8694,-121.3208,-120.7783,-119.3613,-121.8276,-119.9964,-121.005,-118.3683,-119.8897,-120.3717,-119.7646,-120.156,-120.6352,-121.353,-120.2776,-120.2666,-119.96,-119.6795,-119.6274,-118.5961,-119.3659,-121.6241,-120.5817,-119.7311,-118.5506,-117.9923,-121.4596,-120.2801,-120.0592,-121.8126,-121.1533,-122.2526,-120.0781,-121.0703,-120.5567,-120.1972,-121.4789,-119.1316,-120.4352,-120.5211,-120.2394,-119.991,-119.3668,-119.4114,-119.3652,-120.2378,-121.0792,-119.9299,-120.0107,-122.0878,-120.4255,-119.8473,-121.4795,-120.2123,-120.8641,-120.0702,-120.2562,-121.1208,-121.5516,-120.5977,-120.4004,-119.7173,-118.7758,-119.9834,-120.5059,-120.0078,-120.5696,-120.2363,-119.6837,-120.5329,-122.0388,-120.5866,-118.914,-120.4545,-119.9787,-119.2876,-119.8897,-121.3804,-120.4455,-119.2216,-119.4384,-120.6728,-119.9938,-119.3525,-120.2547,-122.4878,-119.9435,-120.7137,-119.1559,-122.3793,-120.2745,-119.0621,-120.0376,-120.1069,-120.1745,-119.6189,-120.2351,-119.213,-120.9423,-119.6906,-122.0004
B,-127.3571,-128.4522,-128.8293,-126.9312,-126.4219,-127.0045,-127.3106,-127.5514,-128.07,-127.2525,-128.418,-128.7228,-127.406,-128.1704,-129.9573,-127.3865,-128.8792,-126.2449,-127.9409,-127.6496,-128.2145,-127.1873,-128.939,-127.3767,-127.1653,-130.2816,-127.9109,-128.9781,-128.4118,-128.958,-127.7082,-128.5835,-127.5057,-128.3144,-128.5565,-127.3645,-127.7876,-128.7649,-127.6242,-128.8123,-129.4751,-126.7212,-128.0355,-126.7269,-127.5361,-128.1677,-127.9065,-128.7144,-127.4361,-127.2426,-129.0296,-128.1691,-129.1475,-126.9118,-128.0677,-127.922,-128.1063,-127.7327,-127.8458,-127.6127,-127.9684,-128.2512,-128.9052,-127.4823,-127.6764,-128.0809,-127.3763,-128.2443,-126.4133,-128.3428,-126.4867,-127.7854,-128.7692,-126.8137,-127.4098,-126.7407,-126.8939,-128.1386,-128.1251,-128.3812,-128.1629,-127.4972,-127.9432,-128.2557,-128.1924,-128.5901,-126.5453,-127.0019,-128.2487,-128.5961,-128.5152,-128.2796,-128.0586,-126.9047,-127.3266,-128.1344,-127.335,-127.1124,-126.452,-127.4494,-128.0725,-128.0828,-128.3377,-129.2933,-128.137,-129.6439,-128.9225,-128.6635,-127.8628,-129.1086,-127.2023,-128.0741,-128.754,-127.1581,-128.7173,-128.2919,-127.876,-127.5559,-126.1556,-126.4448,-127.1323,-129.1269,-128.998,-127.1923,-126.8587,-126.9845,-128.161,-127.4831,-128.042
C,-81.819,-83.5551,-81.9343,-81.1107,-82.8231,-82.244,-83.4309,-81.3257,-82.3297,-81.6201,-82.3139,-82.045,-82.5342,-83.9421,-81.9417,-83.4227,-82.623,-81.5494,-83.0592,-83.3946,-80.1151,-84.024,-81.5188,-82.9285,-82.3432,-82.0826,-81.5936,-82.096,-82.3215,-82.4007,-81.6696,-82.0008,-81.5007,-81.2817,-81.8999,-80.6931,-82.4786,-83.5476,-82.7965,-81.8891,-81.1272,-83.291,-81.169,-81.7136,-81.8622,-82.2387,-82.7178,-83.0844,-82.3571,-81.3428,-80.7834,-83.5024,-83.195,-82.2464,-81.8553,-81.454,-82.0369,-81.4042,-83.0294,-81.4343,-83.3209,-83.8733,-83.219,-82.1644,-81.7467,-82.0032,-82.0894,-82.29,-81.1264,-81.0772,-83.3099,-81.7157,-82.3597,-82.4732,-81.0941,-82.2097,-82.895,-82.7367,-83.5439,-81.6225,-81.5843,-82.7417,-82.1861,-81.5487,-82.1544,-82.414,-83.1272,-81.8038,-82.6084,-82.8396,-81.8092,-82.8954,-83.2393,-83.0462,-82.1808,-81.6482,-82.2676,-79.9985,-81.5638,-82.2983,-81.9062,-82.9554,-82.0742,-82.0045,-81.7039,-82.1359,-81.8819,-82.6733,-81.827,-82.2649,-82.3531,-82.3477,-81.7048,-82.6542,-81.2422,-81.1308,-82.9633,-83.7983,-82.1799,-82.2212,-82.6006,-82.4644,-82.6155,-83.7473,-83.2407,-82.02,-81.4906,-81.3046,-82.2286,-81.8737,-81.0973,-81.4665,-81.9224,-82.6663,-81.8304,-81.982,-81.7741,-81.9474,-80.1526,-81.7168,-81.6576,-82.9004,-82.0381,-81.9378,-82.2289,-83.1177,-81.917,-82.4745,-83.4674,-82.7923,-81.8177,-82.4188,-82.9212,-82.9307,-83.1627,-81.0668,-81.6172,-82.9044,-81.8291,-83.608,-82.816,-82.2292,-81.8325,-81.8669,-81.5606,-81.0182,-82.8597,-81.648,-82.0686,-82.284,-82.4289,-82.4154,-82.0992,-81.7628,-82.8153,-82.7695,-82.2042,-80.8922,-80.8957,-81.4648,-83.9019,-81.7895,-82.8935,-82.7471,-83.9583,-82.2145,-81.814,-83.5225,-81.1772,-82.4001,-81.9585,-82.1804,-83.4027,-82.2584,-83.5767,-81.3084,-82.3371,-81.8432
D,14.8096,14.6783,14.7991,15.0429,14.6269,14.6553,14.7058,14.6584,14.8959,14.7878,14.9114,14.5697,14.897,14.6886,14.8111,15.2288,14.612,14.823,14.8253,14.8378,14.941,14.743,14.7071,14.6388,14.8797,14.9292,14.6913,14.8167,14.4761,14.6701,14.9423,14.6641,14.9075,14.7401,14.9018,14.6212,14.7975,14.6686,14.8323,14.7427,14.7496,14.6845,14.6708,14.8236,14.8686,14.6619,15.0229,14.6498,14.9108,14.8481,14.7477,14.8025,14.7014,14.8767,14.7476,14.868,14.787,14.6201,14.6468,14.7923,14.8896,14.8317,15.0093,14.6647,14.7081,14.917,14.6644,14.8283,14.8984,15.0363,14.7254,14.7463,14.9157,14.942,14.6905,14.7497,14.7711,14.9093,14.809,14.7532,14.6961,14.9299,14.7066,14.7582,14.8799,14.8322,15.0508,15.0151,14.7915,14.6416,14.4881,14.764,14.8729,15.1135,14.7589,14.6599,14.8884,14.997,15.0451,14.8225,14.7173,15.0105,14.9985,14.8873,14.7843,14.7156,14.8482,14.8755,14.8564,14.9313,14.8459,14.857,14.9685,15.0634,14.8882,14.915,14.7072,14.7493,14.5799,14.6976,14.832,14.9351,15.0007,14.8582,14.837,14.7598,14.7286,14.9591,14.9414,14.7334,14.8904,14.7833,14.8386,14.8482,15.0562
E,64.8497,64.1415,64.5373,64.5295,64.8028,64.5307,64.2352,64.4679,64.396,64.5906,64.6822,64.4422,64.2881,64.2252,64.8198,64.8567,64.0571,64.6644,64.5943,64.8838,64.1961,64.6514,64.6023,64.9416,64.6416,64.6843,64.3836,64.6691,64.6924,64.8127,64.55,64.5294,64.9234,64.8209,65.1266,64.5979,64.3812,64.742,64.3239,64.6218,65.1421,64.5547,64.3863,64.4102,64.7152,64.8696,64.682,64.584,64.6481,64.9241,64.3883,64.6521,64.2374,64.5974,64.3251,64.5191,64.1613,64.6345,64.9347,64.7425,64.7719,64.3648,64.2633,64.4484,64.3831,64.4751,64.4393,64.5035,64.5465,65.0609,64.4062,64.4016,64.5241,64.2769,64.7481,64.9046,64.7917,64.1768,64.7091,64.6784,64.7409,64.6489,64.333,64.6721,64.913,65.295,64.7169,64.5989,64.794,64.2759,64.3939,64.3225,64.4249,64.5584,64.7461,64.8086,64.5292,64.747,64.3135,64.5346,64.5505,64.5799,64.4176,64.7221,64.4902,64.5112,64.2862,64.6293,64.5082,64.8292,64.7372,64.4333,64.316,64.7517,64.6841,64.6795,64.4289,64.4541,64.1009,64.6159,64.8829,64.6958,64.3181,64.46,64.7255,64.6885,64.408,64.3421,64.6897,64.8792,64.7536,64.6966,64.5345,64.8382,64.7772,64.5691,64.5719,64.664,64.3557,64.6984,64.6673,64.641,64.4051
F,103.5791,103.3364,104.7129,103.6035,103.4206,104.0513,103.5313,104.3518,103.3366,103.3382,102.3874,103.2948,103.3874,103.9664,103.3965,104.2356,103.4483,104.1629,103.3846,103.6766,103.6901,104.0066,104.871,103.7345,104.0106,103.9947,104.0067,104.3636,105.1957,103.4612,104.2232,103.6052,103.7058,103.5653,102.9201,103.904,103.091,104.4643,103.5845,103.6211,103.1493,103.4531,102.8565,103.2793,102.5631,103.6331,103.4999,104.6456,102.8249,104.1392,104.2877,103.4737,102.8845,103.259,103.1005,104.3706,104.3476,103.53,104.4839,103.6347,104.3948,103.4942,103.1529,104.1613,104.266,103.2223,104.0931,102.6251,104.0089,104.09,103.1637,103.548,103.1745,104.0016,103.8171,102.3716,103.3729,103.1824,104.1752,103.4811,103.753,103.6546,104.1075,103.9355,103.1569,103.2426,104.543,103.9635,103.9697,103.5964,103.3613,103.4112,104.1797,103.0407,103.9367,104.306,103.7642,103.1661,104.5602,103.4252,103.757,103.3972,103.845,103.5196,103.7527,103.8124
G,9.7733,9.4972,9.8275,9.6396,9.5928,9.6778,9.6853,9.6471,9.9775,9.8239,9.6494,9.9546,9.7707,9.708,9.7511,9.9524,9.6678,9.9624,9.8149,9.709,9.6402,9.8374,9.6566,9.6329,9.8106,9.639,9.5968,9.9912,9.5411,9.5329,9.5778,9.6489,9.8164,9.6717,9.8284,9.6833,9.6063,9.6794,9.9108,9.667,9.9015,9.745,9.7997,9.7618,9.5858,9.582,9.7975,10.0266,9.7467,9.8116,9.7144,9.9791,9.9668,9.6678,9.5507,9.628,9.8206,9.728,9.6007,9.6961,9.6993,9.7149,9.5884,9.6923,10.0604,9.6616,9.8057,9.6163,9.8964,9.6423,9.8018,9.7939,9.7158,9.7441,9.691,9.6325,9.7543,9.535,9.8068,9.7141,9.6413,9.6469,9.9489,9.6819,9.7062,9.8849,9.7374,9.8253,9.6791,9.6943,9.7869,9.8068,9.8306,9.7023,9.6815,9.8064,9.8009,9.8491,9.7802,9.6408,9.6867,9.6893,9.6851,9.7488,9.6643,9.8057,9.7253,9.6185,9.819,9.7341,9.7802,9.5971,9.7708,9.6898,9.6317,9.6926,9.8125,9.8931,9.627,9.5192,9.5775,9.7027,9.9668,9.8415,9.6055,9.7671,9.6904,9.9257,9.584,9.8378,9.7646,9.7955,9.6093,9.7522,9.6406,9.7703,9.9299,9.8052,9.8041,9.7468,9.5944,9.7492,9.6427,9.8324,9.7631,9.7404,9.7852,9.6089,9.8343,9.7982,9.7259,9.6971,9.6162,9.6402,9.7068,9.6591,9.5801,9.7955,9.5958,9.7599,9.7575,9.655,9.6481
H,-71.5937,-71.7875,-71.8188,-70.6385,-71.487,-71.2175,-71.665,-71.3089,-71.8408,-72.396,-71.3686,-72.3582,-70.8126,-71.5175,-71.4808,-71.5658,-72.5979,-71.3306,-71.5053,-71.6539,-71.7009,-70.6295,-70.5956,-71.2406,-71.6657,-71.8069,-71.8278,-72.0036,-72.5671,-71.2202,-71.4287,-71.7053,-71.3847,-71.3579,-72.5216,-71.2059,-71.8213,-72.0951,-71.9477,-71.3553,-72.6288,-72.0964,-71.9453,-71.5572,-73.0379,-70.9491,-71.7791,-72.2903,-71.5293,-72.1343,-70.6409,-72.2438,-71.8122,-71.8338,-71.8994,-70.6723,-70.8389,-70.81,-71.4335,-71.9734,-71.6225,-71.3634,-71.6293,-72.1,-71.0947,-71.4273,-71.8762,-71.2858,-71.7957,-71.4282,-71.8875,-71.1792,-71.1889,-71.2665,-71.3448,-70.5752,-70.8858,-72.3778,-72.5433,-71.2169,-71.9804,-71.2694,-71.4373,-72.277,-72.2263,-71.8819,-71.4582,-70.7018,-70.8804,-71.196,-71.7656,-71.1078,-70.4202,-72.0483,-71.3907,-72.0922,-71.3541,-70.8429,-72.3068,-71.7664,-70.7966,-71.6874,-71.9499,-71.6147,-72.2662,-71.8501,-71.2333,-70.8376,-72.1935,-71.0118,-70.6814,-72.1386,-70.8479,-71.979,-71.1328,-71.6857,-70.9127,-71.5229,-72.0505,-72.4453,-71.5939,-71.6463,-71.7118,-72.0179,-71.7946,-72.4928,-71.9201,-71.2046,-71.4412,-72.0542,-71.2777,-71.1611,-71.5185
I,86.7473,86.4956,86.8126,85.9246,86.7247,84.6662,85.444,86.8171,83.8868,86.4632,85.4386,85.7436,85.4413,84.4466,86.0145,85.7075,87.6418,85.1838,85.0504,85.1755,84.5892,85.3373,84.5002,85.3587,84.3974,84.1725,84.2802,84.3173,83.6423,85.7924,84.6951,84.757,84.4136,84.8411,85.2011,86.1675,85.0428,84.8118,84.2098,83.8015,84.4191,84.1272,84.6621,85.1758,83.9581,85.429,84.2462,84.8107,84.4255,83.8833,84.7486,84.4056,84.0339,85.3396,85.3089,84.9974,83.6793,84.7069,84.0807,84.5884,84.623,85.448,84.5003,85.3024,83.9434,86.2154,85.4992,84.9571,86.266,84.1644,84.8857,85.5946,84.0536,86.0275,85.145,84.8638,84.6519,85.1827,84.7755,85.0665,85.6774,85.8579,84.2797,84.279,85.5139,84.7156,85.5774,84.7447,84.4571,85.7678,84.8809,84.3542,84.224,85.11,84.771,86.6197,84.2302,85.1855,84.773,85.9447,84.9231,86.8733,84.6273,85.8245,85.8181,83.7185,83.4851,85.7685,86.4472,84.2989,84.9131,85.119,83.6392,84.7747,85.4832,85.9596,84.4931,84.7314,85.2125,84.5665,86.1598,85.175,84.1438,83.7603,85.2359,84.9148,83.2307,85.8325,85.2722,84.5288,85.7808,84.0459,85.5949,85.9754,85.1622,84.283,85.8807,85.7278,85.7908,86.0067,87.2026,84.8962,86.6089,87.0087,85.2199,84.6047,85.0198,84.6518,85.7781,84.4211,87.3999,85.6631,84.9012,85.5213,84.653,83.9192,86.5351,85.6286,83.2859,84.4281,87.4817,85.6292,86.0889,85.9575,86.1959,85.9359,86.0119,85.1624,85.5401,85.2322,86.0748,84.9907,86.1063,84.601,85.7281,84.0404,85.9216,85.7581,85.5622,84.6824,84.0765
J,32.1719,32.5506,32.8489,32.3343,32.3454,33.1535,32.399,33.781,33.0656,33.2624,32.6693,33.0824,33.3727,33.766,33.1976,32.95,32.893,33.2114,33.3844,33.1037,33.1894,32.8875,33.2796,33.0571,32.9998,33.3332,32.8328,32.8296,33.2072,33.4725,33.6754,32.8261,33.7673,32.8046,33.6018,33.1185,32.8076,33.731,33.2831,33.4698,32.6805,33.1886,32.385,33.1013,33.3086,33.2589,33.1711,33.4133,33.0114,32.7736,32.9454,33.5143,33.7203,33.0028,33.8585,33.3854,33.0561,32.4233,33.5722,32.8972,33.8442,32.9002,32.0661,33.8972,33.3192,33.248,33.2396,33.7599,33.82,32.7021,33.1031,33.0119,32.577,33.0963,33.1788,32.6476,33.3366,33.9281,33.5151,33.4035,32.4996,32.3356,32.866,32.6447,33.2384,33.2043,33.3685,31.9969,32.6119,32.9852,32.6046,32.7457,32.9634,33.1446,32.833,34.2594,32.6287,33.4883,32.4861,32.8592,32.9637,33.1892,32.2119,32.5642,32.7697,33.5533,32.5536,32.9262,32.7419,32.7195,32.6337,33.1686,33.3322,33.5162,33.4419,32.9034,33.3565,33.5413,32.7611,32.7872,33.3644,33.2207,32.4938,31.8338,32.983,32.6347,32.2251,33.487,33.3505,33.5654,32.8597,32.8643,32.5465,33.6225,32.5747,33.6161,33.52,33.0818,32.6417,33.8533,33.2648,33.7195,32.5575,32.5844,33.7592,34.544,33.0827,33.3082,32.8223,33.1847,33.0999,32.9098,33.5818,32.8107,32.9144,33.5833,32.4368,32.4825,32.7452,33.1268,33.3707,32.953,32.4403,33.254,33.1715,33.4567,33.2544,33.8602,32.2528,33.3541,32.4245,32.9789,33.1506,33.7472,33.4858,32.8586,32.699,33.1005,33.629,32.4919,33.3715
K,-37.9877,-36.8388,-36.4848,-37.278,-36.9548,-36.9032,-36.8359,-36.5548,-37.4222,-36.4741,-37.0716,-36.6836,-37.2568,-36.9212,-37.2311,-36.8012,-36.9164,-36.7325,-36.2409,-36.1577,-36.9639,-37.5696,-37.0206,-36.0374,-37.2762,-37.48,-36.7367,-36.4561,-37.6402,-37.3686,-37.2051,-36.722,-37.1882,-36.0089,-37.2527,-37.3821,-36.9192,-36.4973,-36.2934,-36.4532,-36.7693,-37.0099,-36.772,-36.7458,-35.8101,-36.7736,-37.4347,-37.2187,-37.2139,-36.1738,-37.0972,-37.2259,-36.4855,-36.2118,-37.8082,-36.5615,-35.9772,-36.4263,-37.0821,-36.3656,-36.867,-37.2455,-37.545,-37.1329,-36.4917,-36.5238,-36.6865,-37.0121,-36.233,-36.8709,-37.1285,-36.5582,-36.2139,-37.338,-37.7398,-37.1187,-37.3136,-36.1261,-37.1006,-37.0441,-35.8666,-36.9336,-37.2379,-37.8162,-37.0894,-36.7365,-36.4998,-36.0107,-35.887,-37.164,-36.2716,-36.911,-36.5734,-35.3412,-35.8367,-36.3105,-36.9429,-36.2802,-36.2961,-35.3648,-36.6169,-36.5907,-36.9836,-37.5887,-36.3797,-36.7839,-35.9761,-37.0489,-35.8817,-36.7245,-37.2998,-36.3278,-36.102,-36.2117,-36.0186,-36.8407,-38.1008,-36.2679,-37.3337,-36.6805,-36.5592,-36.4262,-36.7389,-36.2956,-37.4876,-35.8007,-36.9564,-36.7043,-36.4938,-36.4458,-35.627,-37.1453,-36.6132,-36.9328,-37.085,-35.6856,-36.9774,-36.694,-37.0612,-36.2651,-36.7465,-36.2531,-36.3557,-36.7663,-36.6486,-36.1021,-37.7663,-36.5341,-36.8824,-36.6786,-36.2079,-37.0779,-36.5032,-35.7261,-36.7614,-36.3141,-36.8052,-37.1821,-36.3892,-36.326,-36.3817,-36.7142,-36.6934,-37.732,-37.1641,-37.3614,-36.7487,-36.7097,-36.7345,-36.0555,-36.9414,-37.1701
L,-54.056,-53.9313,-54.5623,-53.6995,-53.7233,-54.3688,-53.271,-54.2012,-54.1188,-54.3066,-53.9437,-54.0441,-54.4994,-54.0078,-54.5438,-54.3565,-54.1838,-54.0984,-54.0748,-54.4515,-53.2784,-53.8978,-55.0467,-53.4115,-54.1812,-54.3484,-52.842,-53.7353,-54.2922,-53.4119,-54.4386,-53.9006,-54.1428,-54.08,-54.2572,-53.8842,-54.0591,-54.5447,-53.6595,-53.8653,-53.9145,-54.6311,-53.8258,-54.291,-54.2054,-54.6124,-53.9299,-53.8027,-54.2003,-54.0828,-53.8743,-54.1513,-54.6681,-53.9725,-54.5134,-53.6809,-53.5139,-54.2179,-53.8312,-53.2947,-54.5992,-53.9272,-53.8837,-53.8761,-54.3663,-54.1478,-54.1592,-53.8966,-53.2424,-53.7897,-53.9898,-53.3323,-53.9819,-54.1563,-53.9561,-53.7225,-54.4596,-53.9898,-54.2542,-53.5445,-54.1702,-53.9186,-54.2239,-54.694,-53.8613,-53.9201,-53.7982,-54.3516,-53.7883,-54.557,-54.4125,-54.3069,-54.9517,-53.9954,-54.383,-54.6542,-54.6393,-53.9259,-53.8052,-53.5174,-53.8441,-54.6053,-54.3308,-53.9293,-53.0038,-54.1374,-53.4221,-53.9055,-54.2681,-54.8692,-53.9956,-54.2987,-53.9453,-54.1969,-54.037,-53.7383,-53.7676,-53.7392,-53.4684,-53.2334,-54.4784,-54.1423,-53.9275,-54.1322,-53.8452,-54.2416,-54.3514
M,-57.7953,-57.3575,-57.7854,-59.2196,-57.9607,-56.6267,-57.6494,-58.1343,-58.7318,-57.0398,-58.3744,-58.6836,-58.3023,-57.3897,-57.3686,-59.276,-57.5419,-58.9253,-57.2164,-58.1119,-59.2714,-58.2501,-58.4037,-58.8009,-58.3443,-57.5042,-57.1057,-57.5228,-57.6509,-57.6921,-58.1873,-57.623,-57.9085,-57.0606,-58.6938,-58.1007,-57.5625,-58.0786,-58.3402,-58.9802,-57.5248,-57.5765,-57.6551,-58.2119,-57.6276,-57.6618,-59.7342,-57.335,-58.1006,-58.8387,-57.9796,-58.1474,-58.138,-59.3277,-57.8465,-57.7297,-57.6421,-57.7801,-57.8927,-57.8585,-57.4739,-57.9387,-57.8682,-56.9531,-57.5956,-58.8026,-58.3812,-57.4586,-58.6064,-58.3763,-57.2689,-58.9298,-58.1575,-57.666,-58.019,-57.2108,-57.6659,-58.4746,-57.4677,-58.1985,-58.6785,-57.6668,-57.6372,-58.3881,-59.0437,-58.9377,-58.0772,-57.5819,-58.1854,-58.0468,-57.7195,-59.1284,-57.7228,-58.1039,-58.3883,-57.359,-57.6627,-57.9521,-57.9019,-57.4475,-57.7586,-58.0351,-58.1968,-56.3583,-57.9169,-58.2793,-58.8508,-58.6267,-57.6256,-58.132,-58.5082,-58.18,-58.0822,-59.7639,-58.1854,-59.3045,-59.1577,-57.5365,-58.2963,-59.1248,-56.9125,-58.6178,-57.999,-59.2711,-58.39,-57.802,-58.4695,-57.72,-56.3263,-58.0767,-58.498,-58.2409,-57.8676,-57.0174,-57.7106,-58.3044,-58.1835,-58.2406,-58.3441,-57.3798,-57.3521,-57.9913,-58.3986,-59.1456,-57.074,-57.3023,-57.3824,-58.3196,-57.3029,-56.4393,-57.6526,-57.5403,-57.8425,-58.1937,-57.7648,-59.3589,-57.1669,-57.9143,-58.8324,-58.6042,-58.5466,-57.1121,-58.2571,-57.6375,-57.698,-58.6668,-57.4018,-57.7714,-57.9255
N,46.1631,46.3451,46.4418,46.832,46.3879,46.7771,46.3968,47.0727,45.7619,46.5845,46.6401,46.1132,45.7062,46.3889,46.4977,46.4712,46.9997,46.418,46.2561,46.9616,46.5735,46.4565,46.3617,46.3936,46.3711,46.7995,47.5164,46.3138,46.6526,46.6523,46.9911,46.5556,46.2661,45.4378,46.5048,45.8055,46.5342,46.4906,46.5485,46.5277,45.9095,46.507,46.4795,46.4696,45.7824,45.1776,46.7432,46.0836,46.1706,46.069,46.9169,46.9575,46.9536,46.9194,47.0487,46.7345,46.49,46.0154,46.5044,46.4205,46.8544,46.0115,46.732,46.7427,46.9288,46.3881,46.4421,46.0177,46.3419,46.4963,46.9359,45.8563,45.8,45.9844,46.0131,46.8254,46.93,46.7342,46.559,46.0928,46.3394,46.281,47.3708,47.1134,46.5344,45.9202,47.2724,46.8504,46.6319,46.0942,46.8081,46.3403,46.1362,46.3717,46.8509,46.6383,46.7827,46.4589,45.8748,46.6658,46.4088,45.7585,47.1151
O,-88.4634,-87.9335,-87.4124,-88.396,-87.9123,-87.6567,-88.357,-88.2871,-88.1703,-87.5512,-87.3831,-87.0146,-86.8793,-86.9082,-88.3036,-89.2242,-88.3283,-87.4043,-87.7107,-86.7283,-87.382,-88.3924,-87.8219,-87.0759,-87.8223,-86.9489,-88.0663,-87.0304,-88.2265,-87.7814,-88.0336,-88.3364,-87.8306,-88.0575,-88.8764,-87.3164,-87.5698,-86.4799,-87.9316,-86.8597,-87.7207,-88.9894,-87.6528,-88.6716,-87.48,-87.5454,-88.3833,-86.8191,-87.9697,-88.319,-88.1765,-87.959,-88.4252,-87.6583,-86.9657,-87.6199,-88.3777,-88.0938,-88.1654,-86.9491,-87.1184,-87.7293,-87.6965,-88.2952,-87.4688,-88.1846,-87.6306,-87.6159,-87.3532,-87.3438,-86.8881,-87.8173,-89.2589,-86.9778,-88.4329,-88.1655,-87.427,-86.5674,-86.8169,-88.6662,-87.5219,-87.9851,-88.3072,-86.9441,-87.5256,-87.1433,-88.1335,-87.9436,-88.7844,-88.8669,-87.8461,-86.3094,-88.3937,-87.781,-88.3656,-89.1556,-87.3565,-87.7721,-87.2505,-87.8727,-87.8461,-88.113,-87.6287,-87.8472,-88.4439,-88.4941,-87.9986,-88.3669,-87.2214,-87.8874,-88.2408,-87.8529,-87.5825,-87.7073,-87.7775,-88.188,-87.0293,-87.1802,-88.2742,-88.0305,-87.3587,-87.6392,-87.4741,-88.169,-87.8565,-88.3528,-88.2652,-87.1337,-87.0483,-88.0581,-89.0802,-88.7915,-87.0488,-87.1803,-87.7756,-88.1415,-88.2388,-87.841,-87.0721,-87.639,-87.1165,-87.4755,-89.0533,-87.5187,-88.3461,-87.3246,-87.692,-86.7707,-87.9839,-87.901,-87.1443,-88.2026,-88.3,-87.856,-88.1109,-88.7706,-87.6901,-88.2854,-87.6167,-86.5194,-88.5122,-86.9305,-87.5564,-88.363,-86.9092,-86.7706,-87.2414,-87.4424,-87.7552,-87.509,-88.1959,-88.4755,-87.0521,-88.0494,-87.3261,-87.3103,-87.7895,-88.13,-87.8278,-87.6538,-88.1798,-88.4884,-88.0595,-87.0685,-87.9203,-88.0873,-87.1492,-88.9157,-87.2108,-87.5494,-87.6984,-86.839,-88.2684,-88.6124,-87.8025
P,-91.2386,-90.8683,-90.4391,-91.2977,-91.2973,-91.369,-91.4185,-91.3808,-91.5116,-91.0658,-91.5956,-92.1341,-91.1508,-90.8098,-90.948,-91.3097,-92.0628,-92.1537,-90.5076,-92.0737,-92.1157,-91.3534,-91.2731,-91.5471,-91.3442,-91.8059,-91.3629,-91.8774,-91.4983,-91.1574,-90.8288,-91.6034,-90.7104,-91.2678,-91.1394,-92.0764,-91.6807,-90.7439,-90.2085,-91.2659,-91.2138,-90.5586,-91.1156,-91.3238,-91.8904,-91.6527,-90.3813,-92.0318,-91.8661,-91.8268,-90.4304,-91.8964,-91.8885,-92.0494,-91.3701,-91.4669,-91.5904,-90.4295,-92.4937,-91.875,-91.1428,-91.3448,-91.2038,-91.0808,-91.0033,-91.5398,-91.3441,-91.1795,-91.4549,-91.098,-91.1396,-90.8786,-91.3001,-91.4105,-91.136,-90.0812,-90.3017,-91.2783,-91.7843,-90.758,-90.8185,-91.5659,-90.0047,-91.685,-90.751,-91.8293,-91.7333,-91.4657,-90.9801,-91.3608,-91.5789,-91.6708,-90.7404,-91.3855,-91.457,-91.6191,-91.1698,-90.8796,-91.0425,-91.869,-91.9593,-91.4397,-91.5081,-91.9089,-91.7872,-91.2906,-90.8923,-91.792,-90.8816,-90.2399,-92.2536,-90.8936,-92.2889,-91.8925,-91.242,-91.2095,-91.5332,-91.6667,-91.1853,-90.6927,-91.9914
Q,-104.1659,-105.6484,-104.629,-103.5019,-105.5095,-105.6949,-104.305,-105.5577,-104.9808,-104.5196,-106.0372,-105.6348,-103.3991,-105.3563,-103.8072,-105.0879,-104.4419,-103.6807,-103.6219,-104.211,-104.8424,-104.5002,-104.224,-103.8435,-104.9044,-105.8522,-105.6935,-103.8142,-105.1467,-105.5234,-104.3632,-105.2462,-104.215,-104.2431,-105.1956,-105.8476,-104.1523,-104.927,-104.8903,-105.8527,-104.8122,-105.329,-103.9289,-104.8922,-103.5506,-105.9509,-104.9744,-104.0094,-105.6166,-105.2163,-104.9928,-105.0047,-103.8003,-103.8112,-104.8885,-104.6781,-105.5099,-103.4383,-105.4689,-105.4802,-105.4373,-103.0212,-104.2691,-103.8682,-103.8372,-103.3244,-103.9102,-104.1048,-104.8805,-105.2775,-104.7863,-104.5765,-105.0542,-105.3623,-104.2909,-104.1646,-105.3654,-104.9011,-104.9578,-103.9679,-105.7014,-105.9601,-104.678,-105.0463,-103.7989,-105.2695,-104.7925,-105.9476,-104.8246,-105.0296,-106.131,-105.7262,-105.0513,-105.0892,-104.9412,-102.9062,-104.6798,-104.8163,-104.0974,-105.6325,-105.0299,-106.5594,-105.4533,-104.0504,-103.7992,-104.4027,-105.7486,-106.9071,-102.7675,-104.0342,-104.627,-104.7777,-103.3948,-103.4065
R,106.2106,105.5564,106.4598,105.0163,105.6094,104.3755,106.1534,105.3293,105.0842,106.1337,105.7389,105.6052,104.4467,105.1488,105.4168,105.0353,105.4752,105.1703,105.7529,105.0172,105.3926,106.1497,105.0516,105.8647,104.9486,105.5931,105.8338,106.7786,106.0609,105.021,105.6765,105.5866,106.2131,105.4281,106.0435,106.2209,105.0658,105.0146,104.9501,105.5405,104.5952,105.9486,105.4706,105.9299,105.3435,104.3973,105.8347,105.6457,105.8263,107.2252,105.7899,105.4551,105.6996,105.6459,105.9837,104.6547,106.4105,106.1888,104.4542,104.73,105.113,105.7993,106.6465,106.17,105.4933,105.1041,106.1519,104.7255,105.9708,105.4829,105.5188,106.4392,105.7982,104.3847,105.0095,105.123,106.1263,105.7653,105.9393,105.2323,105.7421,105.5662,105.825,104.9599,106.1122,106.0308,105.8659,105.7383,105.3401,105.8796,104.9401,105.4706,106.0972,104.8248,105.6423,105.1911,105.4128,105.0152,105.4739,106.1918,106.3269,105.71,105.9778,104.9795,105.4972,105.0168,106.3631,105.3725,105.3709,105.7716,104.4038,106.3065,105.1625,106.2433
S,-25.2805,-25.1417,-25.196,-25.0026,-24.7826,-24.8754,-25.4282,-25.3059,-25.486,-24.8902,-25.2472,-25.4404,-25.6467,-25.4368,-24.8357,-25.6721,-25.13,-25.3961,-24.9482,-25.2648,-25.0728,-25.8734,-25.9455,-25.1072,-25.0388,-25.5176,-25.1307,-25.2976,-25.168,-24.9866,-25.0063,-26.0837,-25.1013,-25.0553,-24.8532,-25.1827,-24.856,-25.0165,-25.412,-25.2415,-25.3925,-24.7815,-25.1016,-25.484,-25.11,-25.5383,-25.3573,-25.1803,-25.5912,-26.038,-26.1431,-25.7415,-25.8383,-25.2756,-26.086,-25.346,-24.7423,-25.6443,-26.2132,-25.3803,-25.2394,-25.0719,-25.5459,-24.5633,-25.3476,-24.8681,-25.4987,-25.4237,-25.8523,-24.6783,-25.2676,-25.08,-25.284,-25.1087,-25.417,-25.4723,-24.9125,-25.4689,-26.7265,-24.9577,-24.7722,-25.1321,-25.8496,-26.2868,-24.9789,-26.1027,-25.8176,-25.2433,-26.0937,-25.6431,-25.0875,-24.8342,-25.2686,-25.5681,-25.6576,-25.2337,-25.3983,-24.9984,-25.1413,-25.1798,-25.299,-25.0684,-24.8555,-25.8471,-25.3742,-25.5453,-25.5594,-25.3235,-25.4625,-24.6593,-25.6377,-25.5049,-24.7696,-25.1775,-25.3623,-25.8491,-25.9737,-24.9221,-25.3216,-24.4059,-25.5705,-25.691,-25.6216,-25.3828,-24.9368,-25.9229,-25.4346,-25.3737,-24.5464
T,127.0142,125.9085,126.99,125.5551,125.3465,126.4458,125.7058,126.7996,126.2199,126.4055,125.6492,126.9879,127.1928,126.4029,126.9943,126.0605,125.0942,126.829,125.2683,125.3565,127.4247,126.1524,125.7209,125.6613,127.869,125.8135,126.2492,126.6311,127.0322,126.2321,126.083,125.3904,126.031,125.6166,125.4844,126.2141,126.7226,126.7634,127.0325,126.4902,126.3614,127.9302,126.7488,126.9961,125.7212,126.1858,126.1057,125.4048,126.6867,125.7942,126.5267,126.971,127.4338,127.5172,126.5552,126.7519,126.1451,126.0326,127.1922,127.9963,125.1183,126.1363,127.1348,127.3962,126.0111,127.4614,127.2521,125.472,127.0601,126.7614,125.5758,126.1352,126.6075,126.0001,127.5076,126.4519,125.5269,127.0536,125.7287,126.7455,126.2603,127.1872,126.1084,127.4151,127.3617,125.3094,125.4064,125.1491,125.8098,125.2843,126.7795,126.0335,124.8739,126.8969,126.5296,126.2066,126.1252,126.7958,127.2948,128.1006,127.7521,127.8219,126.4,125.8085,127.5733,126.0632,125.4261,126.7935,126.5506,126.6718,126.5659,125.7394,126.1322,127.3406,126.4413,127.1725,125.6153,126.3,126.5391,126.5881,127.0915,128.714,126.0296,126.2309,125.0668,126.606,125.8116,126.9611,125.9519
U,-14.7025,-14.4292,-14.8112,-14.8449,-14.3658,-15.0279,-14.567,-14.4926,-14.6446,-14.638,-14.6667,-14.4328,-14.854,-14.2145,-14.6444,-14.6417,-14.5808,-14.6865,-14.7151,-14.7706,-14.6438,-14.7113,-14.616,-14.8394,-14.6554,-14.5973,-14.4461,-14.5389,-14.3175,-14.8987,-14.5412,-14.7633,-14.5456,-15.0529,-14.3678,-14.6461,-14.5353,-14.6179,-14.5327,-14.4272,-14.7363,-14.4776,-14.5877,-14.6332,-14.6638,-14.6707,-14.5397,-14.8322,-14.7051,-14.7237,-14.4285,-14.4679,-14.6817,-14.4379,-14.6997,-14.6143,-14.5525,-14.3829,-14.7284,-14.4665,-14.6538,-14.4486,-14.806,-14.8523,-14.4368,-14.4834,-14.4325,-14.758,-14.6821,-14.7658,-14.6312,-14.8548,-14.6599,-14.6717,-14.7795,-14.4708,-14.6002,-14.4971,-14.6443,-14.6101,-14.5216,-14.8475,-14.9342,-14.6225,-14.6016,-14.5859,-14.623,-14.6815,-14.4564,-14.4355,-14.468,-14.2696,-14.6632,-14.6196,-14.8161,-14.6995,-14.2931,-14.5714,-14.5919,-14.2516,-14.6758,-14.4523,-14.7059,-14.8606,-14.5037,-14.5881,-14.8958,-14.6595,-14.4886,-14.673,-14.6185,-14.6959,-14.4491,-14.7498,-14.5701,-14.6998,-14.5612,-14.327,-14.67,-14.8643,-14.513,-14.5994,-14.5902,-14.6767,-14.417,-14.7685,-14.8289,-14.4915,-14.6828,-14.9833,-14.4966,-14.5251,-14.7118,-14.4917,-14.5824,-14.684,-14.4333,-14.7589,-14.6711,-14.5743,-14.6672,-14.5404,-14.6506,-14.6987,-14.6818,-14.4779
